AL0829,vj0110,21,36164405,G,T,chr21:36164405-36164405,SNV,1,0,CC344.RUNX1.X9_A01,50.47,9936,19687,34,0,3_prime_UTR_variant,MODIFIER,RUNX1,861,NM_001754,NM_001001890.2|NM_001754.4|XM_005261067.1|XM_005261068.1|XM_005261069.1|XM_005261070.1,NM_001754.4:c.*27C>A,,9-Sep,,,,,,rs13051066,,-1,4G,,,,0.3706,0.2042,0.3674,0.3879,0.4612,0.4867,benign
AL0829BM,vj0110,21,36164405,G,T,chr21:36164405-36164405,SNV,1,0,CC344.RUNX1.X9_A01,49.58,7554,15237,34,0,3_prime_UTR_variant,MODIFIER,RUNX1,861,NM_001754,NM_001001890.2|NM_001754.4|XM_005261067.1|XM_005261068.1|XM_005261069.1|XM_005261070.1,NM_001754.4:c.*27C>A,,9-Sep,,,,,,rs13051066,,-1,4G,,,,0.3706,0.2042,0.3674,0.3879,0.4612,0.4867,benign
BA7419,vj0106,21,36164405,G,T,chr21:36164405-36164405,SNV,1,0,CC344.RUNX1.X9_A01,50.52,11960,23673,35,0,3_prime_UTR_variant,MODIFIER,RUNX1,861,NM_001754,NM_001001890.2|NM_001754.4|XM_005261067.1|XM_005261068.1|XM_005261069.1|XM_005261070.1,NM_001754.4:c.*27C>A,,9-Sep,,,,,,rs13051066,,-1,4G,,,,0.3706,0.2042,0.3674,0.3879,0.4612,0.4867,benign
BA7419,vj0106,21,36164707,G,A,chr21:36164707-36164707,SNV,1,0,CC346.RUNX1.X9_A03,2.43,39,1608,37,0,stop_gained,HIGH,RUNX1,861,NM_001754,NM_001001890.2|NM_001754.4|XM_005261067.1|XM_005261068.1|XM_005261069.1|XM_005261070.1,NM_001754.4:c.1168C>T,NP_001745.2:p.Gln390Ter,9-Sep,,1168,390,Q/*,Caa/Taa,,,-1,,,,,0,0,0,0,0,0,
BA8950,vj0106,21,36421116,T,C,chr21:36421116-36421116,SNV,1,0,CC359.RUNX1.X2,45.45,4093,9005,36,0,intron_variant,MODIFIER,RUNX1,861,NM_001754,NM_001754.4|XM_005261067.1|XM_005261069.1|XM_005261070.1,NM_001754.4:c.58+23A>G,,,8-Feb,,,,,rs117776183,,-1,,,,,0.0008,0,0,0,0.004,0,
BL7927,vj0147,21,36421116,T,C,chr21:36421116-36421116,SNV,1,0,CC359.RUNX1.X2,51.95,4721,9087,37,0,intron_variant,MODIFIER,RUNX1,861,NM_001754,NM_001754.4|XM_005261067.1|XM_005261069.1|XM_005261070.1,NM_001754.4:c.58+23A>G,,,8-Feb,,,,,rs117776183,,-1,,,,,0.0008,0,0,0,0.004,0,
BL7927,vj0147,21,36164486,G,C,chr21:36164486-36164486,SNV,1,0,CC344.RUNX1.X9_A01&&CC345.RUNX1.X9_A02,50.8,17295,34043,37,0,synonymous_variant,LOW,RUNX1,861,NM_001754,NM_001001890.2|NM_001754.4|XM_005261067.1|XM_005261068.1|XM_005261069.1|XM_005261070.1,NM_001754.4:c.1389C>G,NP_001745.2:p.Pro463=,9-Sep,,1389,463,P,ccC/ccG,rs61750222,,-1,5G,,,,0.0583,0.1558,0.0461,0.0228,0.008,0.0235,benign
CEBPA1,vj0124,21,36164405,G,T,chr21:36164405-36164405,SNV,1,0,CC344.RUNX1.X9_A01,50.69,2056,4056,36,0,3_prime_UTR_variant,MODIFIER,RUNX1,861,NM_001754,NM_001001890.2|NM_001754.4|XM_005261067.1|XM_005261068.1|XM_005261069.1|XM_005261070.1,NM_001754.4:c.*27C>A,,9-Sep,,,,,,rs13051066,,-1,4G,,,,0.3706,0.2042,0.3674,0.3879,0.4612,0.4867,benign
CEBPA2,vj0124,21,36164405,G,T,chr21:36164405-36164405,SNV,1,0,CC344.RUNX1.X9_A01,51.83,3576,6900,36,0,3_prime_UTR_variant,MODIFIER,RUNX1,861,NM_001754,NM_001001890.2|NM_001754.4|XM_005261067.1|XM_005261068.1|XM_005261069.1|XM_005261070.1,NM_001754.4:c.*27C>A,,9-Sep,,,,,,rs13051066,,-1,4G,,,,0.3706,0.2042,0.3674,0.3879,0.4612,0.4867,benign
CEBPA3,vj0124,21,36164405,G,T,chr21:36164405-36164405,SNV,1,0,CC344.RUNX1.X9_A01,99.69,8609,8636,36,0,3_prime_UTR_variant,MODIFIER,RUNX1,861,NM_001754,NM_001001890.2|NM_001754.4|XM_005261067.1|XM_005261068.1|XM_005261069.1|XM_005261070.1,NM_001754.4:c.*27C>A,,9-Sep,,,,,,rs13051066,,-1,4G,,,,0.3706,0.2042,0.3674,0.3879,0.4612,0.4867,benign
CEBPA5,vj0124,21,36164388,G,C,chr21:36164388-36164388,SNV,1,0,CC344.RUNX1.X9_A01,48.97,3197,6528,37,0,3_prime_UTR_variant,MODIFIER,RUNX1,861,NM_001754,NM_001001890.2|NM_001754.4|XM_005261067.1|XM_005261068.1|XM_005261069.1|XM_005261070.1,NM_001754.4:c.*44C>G,,9-Sep,,,,,,rs535532916,,-1,,,,,0.0012,0,0,0,0.006,0,likely_benign
CEBPA6,vj0124,21,36164405,G,T,chr21:36164405-36164405,SNV,1,0,CC344.RUNX1.X9_A01,50.01,3371,6741,36,0,3_prime_UTR_variant,MODIFIER,RUNX1,861,NM_001754,NM_001001890.2|NM_001754.4|XM_005261067.1|XM_005261068.1|XM_005261069.1|XM_005261070.1,NM_001754.4:c.*27C>A,,9-Sep,,,,,,rs13051066,,-1,4G,,,,0.3706,0.2042,0.3674,0.3879,0.4612,0.4867,benign
CEBPA7,vj0124,21,36164405,G,T,chr21:36164405-36164405,SNV,1,0,CC344.RUNX1.X9_A01,50.5,2689,5325,36,0,3_prime_UTR_variant,MODIFIER,RUNX1,861,NM_001754,NM_001001890.2|NM_001754.4|XM_005261067.1|XM_005261068.1|XM_005261069.1|XM_005261070.1,NM_001754.4:c.*27C>A,,9-Sep,,,,,,rs13051066,,-1,4G,,,,0.3706,0.2042,0.3674,0.3879,0.4612,0.4867,benign
CO4247,vj0106,21,36164405,G,T,chr21:36164405-36164405,SNV,1,0,CC344.RUNX1.X9_A01,50.92,2849,5595,35,0,3_prime_UTR_variant,MODIFIER,RUNX1,861,NM_001754,NM_001001890.2|NM_001754.4|XM_005261067.1|XM_005261068.1|XM_005261069.1|XM_005261070.1,NM_001754.4:c.*27C>A,,9-Sep,,,,,,rs13051066,,-1,4G,,,,0.3706,0.2042,0.3674,0.3879,0.4612,0.4867,benign
CO4247,vj0106,21,36164472,G,A,chr21:36164472-36164472,SNV,1,0,CC344.RUNX1.X9_A01,4.1,230,5615,36,0,missense_variant,MODERATE,RUNX1,861,NM_001754,NM_001001890.2|NM_001754.4|XM_005261067.1|XM_005261068.1|XM_005261069.1|XM_005261070.1,NM_001754.4:c.1403C>T,NP_001745.2:p.Pro468Leu,9-Sep,,1403,468,P/L,cCc/cTc,rs1034562071,,-1,,,deleterious(0.04),benign(0.079),0,0,0,0,0,0,
CO4247,vj0106,21,36421238,C,T,chr21:36421238-36421238,SNV,1,0,CC359.RUNX1.X2,2.29,21,917,32,0,5_prime_UTR_variant,MODIFIER,RUNX1,861,NM_001754,NM_001754.4|XM_005261067.1|XM_005261069.1|XM_005261070.1,NM_001754.4:c.-42G>A,,9-Feb,,,,,,,,-1,,,,,0,0,0,0,0,0,
CO4247,vj0106,21,36164716,C,T,chr21:36164716-36164716,SNV,1,0,CC346.RUNX1.X9_A03,13.95,30,215,35,0.02,missense_variant,MODERATE,RUNX1,861,NM_001754,NM_001001890.2|NM_001754.4|XM_005261067.1|XM_005261068.1|XM_005261069.1|XM_005261070.1,NM_001754.4:c.1159G>A,NP_001745.2:p.Gly387Ser,9-Sep,,1159,387,G/S,Ggc/Agc,,,-1,4G-1,,tolerated(0.1),benign(0.015),0,0,0,0,0,0,
CONTROLGENOME,vj0058,21,36164405,G,T,chr21:36164405-36164405,SNV,1,0,CC344.RUNX1.X9_A01,50.38,3295,6540,37,0,3_prime_UTR_variant,MODIFIER,RUNX1,861,NM_001754,NM_001001890.2|NM_001754.4|XM_005261067.1|XM_005261068.1|XM_005261069.1|XM_005261070.1,NM_001754.4:c.*27C>A,,9-Sep,,,,,,rs13051066,,-1,4G,,,,0.3706,0.2042,0.3674,0.3879,0.4612,0.4867,benign
DI0422,vj0106,21,36164405,G,T,chr21:36164405-36164405,SNV,1,0,CC344.RUNX1.X9_A01,24.46,2854,11669,35,0,3_prime_UTR_variant,MODIFIER,RUNX1,861,NM_001754,NM_001001890.2|NM_001754.4|XM_005261067.1|XM_005261068.1|XM_005261069.1|XM_005261070.1,NM_001754.4:c.*27C>A,,9-Sep,,,,,,rs13051066,,-1,4G,,,,0.3706,0.2042,0.3674,0.3879,0.4612,0.4867,benign
EGFR-D77insASV,vj0113,21,36164486,G,C,chr21:36164486-36164486,SNV,1,0,CC344.RUNX1.X9_A01&&CC345.RUNX1.X9_A02,50.2,10011,19943,36,0,synonymous_variant,LOW,RUNX1,861,NM_001754,NM_001001890.2|NM_001754.4|XM_005261067.1|XM_005261068.1|XM_005261069.1|XM_005261070.1,NM_001754.4:c.1389C>G,NP_001745.2:p.Pro463=,9-Sep,,1389,463,P,ccC/ccG,rs61750222,,-1,5G,,,,0.0583,0.1558,0.0461,0.0228,0.008,0.0235,benign
EGFR-G719A,vj0113,21,36164486,G,C,chr21:36164486-36164486,SNV,1,0,CC344.RUNX1.X9_A01&&CC345.RUNX1.X9_A02,49.59,10721,21621,36,0,synonymous_variant,LOW,RUNX1,861,NM_001754,NM_001001890.2|NM_001754.4|XM_005261067.1|XM_005261068.1|XM_005261069.1|XM_005261070.1,NM_001754.4:c.1389C>G,NP_001745.2:p.Pro463=,9-Sep,,1389,463,P,ccC/ccG,rs61750222,,-1,5G,,,,0.0583,0.1558,0.0461,0.0228,0.008,0.0235,benign
EGFR-G719S,vj0113,21,36164486,G,C,chr21:36164486-36164486,SNV,1,0,CC344.RUNX1.X9_A01&&CC345.RUNX1.X9_A02,50.85,8736,17180,36,0,synonymous_variant,LOW,RUNX1,861,NM_001754,NM_001001890.2|NM_001754.4|XM_005261067.1|XM_005261068.1|XM_005261069.1|XM_005261070.1,NM_001754.4:c.1389C>G,NP_001745.2:p.Pro463=,9-Sep,,1389,463,P,ccC/ccG,rs61750222,,-1,5G,,,,0.0583,0.1558,0.0461,0.0228,0.008,0.0235,benign
EGFR-L858R,vj0113,21,36164486,G,C,chr21:36164486-36164486,SNV,1,0,CC344.RUNX1.X9_A01&&CC345.RUNX1.X9_A02,49.92,10395,20822,36,0,synonymous_variant,LOW,RUNX1,861,NM_001754,NM_001001890.2|NM_001754.4|XM_005261067.1|XM_005261068.1|XM_005261069.1|XM_005261070.1,NM_001754.4:c.1389C>G,NP_001745.2:p.Pro463=,9-Sep,,1389,463,P,ccC/ccG,rs61750222,,-1,5G,,,,0.0583,0.1558,0.0461,0.0228,0.008,0.0235,benign
EGFR-S768I,vj0113,21,36164486,G,C,chr21:36164486-36164486,SNV,1,0,CC344.RUNX1.X9_A01&&CC345.RUNX1.X9_A02,50.25,12242,24360,36,0,synonymous_variant,LOW,RUNX1,861,NM_001754,NM_001001890.2|NM_001754.4|XM_005261067.1|XM_005261068.1|XM_005261069.1|XM_005261070.1,NM_001754.4:c.1389C>G,NP_001745.2:p.Pro463=,9-Sep,,1389,463,P,ccC/ccG,rs61750222,,-1,5G,,,,0.0583,0.1558,0.0461,0.0228,0.008,0.0235,benign
EGFR-T790M,vj0113,21,36164486,G,C,chr21:36164486-36164486,SNV,1,0,CC344.RUNX1.X9_A01&&CC345.RUNX1.X9_A02,50.8,9193,18097,36,0,synonymous_variant,LOW,RUNX1,861,NM_001754,NM_001001890.2|NM_001754.4|XM_005261067.1|XM_005261068.1|XM_005261069.1|XM_005261070.1,NM_001754.4:c.1389C>G,NP_001745.2:p.Pro463=,9-Sep,,1389,463,P,ccC/ccG,rs61750222,,-1,5G,,,,0.0583,0.1558,0.0461,0.0228,0.008,0.0235,benign
EL9464,vj0106,21,36164405,G,T,chr21:36164405-36164405,SNV,1,0,CC344.RUNX1.X9_A01,51.81,42299,81642,35,0,3_prime_UTR_variant,MODIFIER,RUNX1,861,NM_001754,NM_001001890.2|NM_001754.4|XM_005261067.1|XM_005261068.1|XM_005261069.1|XM_005261070.1,NM_001754.4:c.*27C>A,,9-Sep,,,,,,rs13051066,,-1,4G,,,,0.3706,0.2042,0.3674,0.3879,0.4612,0.4867,benign
FLT3-1,vj0140,21,36171638,G,A,chr21:36171638-36171638,SNV,1,0,CC348.RUNX1.X8,50.27,737,1466,36,0,synonymous_variant,LOW,RUNX1,861,NM_001754,NM_001001890.2|NM_001754.4|XM_005261067.1|XM_005261068.1|XM_005261069.1|XM_005261070.1,NM_001754.4:c.927C>T,NP_001745.2:p.Gly309=,9-Aug,,927,309,G,ggC/ggT,rs59802347,,-1,,,,,0.012,0.0446,0.0014,0,0,0,
FLT3-1,vj0140,21,36164344,C,A,chr21:36164344-36164344,SNV,1,0,CC344.RUNX1.X9_A01,49.01,8626,17599,35,0,3_prime_UTR_variant,MODIFIER,RUNX1,861,NM_001754,NM_001001890.2|NM_001754.4|XM_005261067.1|XM_005261068.1|XM_005261069.1|XM_005261070.1,NM_001754.4:c.*88G>T,,9-Sep,,,,,,rs539980908,,-1,,,,,0.0198,0.0719,0.0043,0,0.001,0,benign
FLT3-2,vj0140,21,36164405,G,T,chr21:36164405-36164405,SNV,1,0,CC344.RUNX1.X9_A01,50.38,10357,20556,36,0,3_prime_UTR_variant,MODIFIER,RUNX1,861,NM_001754,NM_001001890.2|NM_001754.4|XM_005261067.1|XM_005261068.1|XM_005261069.1|XM_005261070.1,NM_001754.4:c.*27C>A,,9-Sep,,,,,,rs13051066,,-1,4G,,,,0.3706,0.2042,0.3674,0.3879,0.4612,0.4867,benign
FLT3-3,vj0140,21,36164362,A,G,chr21:36164362-36164362,SNV,1,0,CC344.RUNX1.X9_A01,4.01,758,18907,37,0.02,3_prime_UTR_variant,MODIFIER,RUNX1,861,NM_001754,NM_001001890.2|NM_001754.4|XM_005261067.1|XM_005261068.1|XM_005261069.1|XM_005261070.1,NM_001754.4:c.*70T>C,,9-Sep,,,,,,rs150481777,,-1,,,,,0.0457,0.1263,0.0331,0.0228,0.001,0.0153,benign
FLT3-3,vj0140,21,36164486,G,C,chr21:36164486-36164486,SNV,1,0,CC344.RUNX1.X9_A01&&CC345.RUNX1.X9_A02,3.98,881,22156,36,0,synonymous_variant,LOW,RUNX1,861,NM_001754,NM_001001890.2|NM_001754.4|XM_005261067.1|XM_005261068.1|XM_005261069.1|XM_005261070.1,NM_001754.4:c.1389C>G,NP_001745.2:p.Pro463=,9-Sep,,1389,463,P,ccC/ccG,rs61750222,,-1,5G,,,,0.0583,0.1558,0.0461,0.0228,0.008,0.0235,benign
FLT3-5,vj0140,21,36164405,G,T,chr21:36164405-36164405,SNV,1,0,CC344.RUNX1.X9_A01,50.63,5878,11609,36,0,3_prime_UTR_variant,MODIFIER,RUNX1,861,NM_001754,NM_001001890.2|NM_001754.4|XM_005261067.1|XM_005261068.1|XM_005261069.1|XM_005261070.1,NM_001754.4:c.*27C>A,,9-Sep,,,,,,rs13051066,,-1,4G,,,,0.3706,0.2042,0.3674,0.3879,0.4612,0.4867,benign
GA10497,vj0101,21,36164362,A,G,chr21:36164362-36164362,SNV,1,0,CC344.RUNX1.X9_A01,49.13,5218,10620,35,0.07,3_prime_UTR_variant,MODIFIER,RUNX1,861,NM_001754,NM_001001890.2|NM_001754.4|XM_005261067.1|XM_005261068.1|XM_005261069.1|XM_005261070.1,NM_001754.4:c.*70T>C,,9-Sep,,,,,,rs150481777,,-1,,,,,0.0457,0.1263,0.0331,0.0228,0.001,0.0153,benign
GA10497,vj0101,21,36164486,G,C,chr21:36164486-36164486,SNV,1,0,CC344.RUNX1.X9_A01&&CC345.RUNX1.X9_A02,50.32,7084,14077,35,0,synonymous_variant,LOW,RUNX1,861,NM_001754,NM_001001890.2|NM_001754.4|XM_005261067.1|XM_005261068.1|XM_005261069.1|XM_005261070.1,NM_001754.4:c.1389C>G,NP_001745.2:p.Pro463=,9-Sep,,1389,463,P,ccC/ccG,rs61750222,,-1,5G,,,,0.0583,0.1558,0.0461,0.0228,0.008,0.0235,benign
GLICK14899850,vj0058,21,36164405,G,T,chr21:36164405-36164405,SNV,1,0,CC344.RUNX1.X9_A01,54.15,3456,6382,37,0,3_prime_UTR_variant,MODIFIER,RUNX1,861,NM_001754,NM_001001890.2|NM_001754.4|XM_005261067.1|XM_005261068.1|XM_005261069.1|XM_005261070.1,NM_001754.4:c.*27C>A,,9-Sep,,,,,,rs13051066,,-1,4G,,,,0.3706,0.2042,0.3674,0.3879,0.4612,0.4867,benign
HA0233,vj0099,21,36164405,G,T,chr21:36164405-36164405,SNV,1,0,CC344.RUNX1.X9_A01,51.34,8022,15625,37,0,3_prime_UTR_variant,MODIFIER,RUNX1,861,NM_001754,NM_001001890.2|NM_001754.4|XM_005261067.1|XM_005261068.1|XM_005261069.1|XM_005261070.1,NM_001754.4:c.*27C>A,,9-Sep,,,,,,rs13051066,,-1,4G,,,,0.3706,0.2042,0.3674,0.3879,0.4612,0.4867,benign
Hart7386392,vj0058,21,36164405,G,T,chr21:36164405-36164405,SNV,1,0,CC344.RUNX1.X9_A01,99.47,754,758,36,0,3_prime_UTR_variant,MODIFIER,RUNX1,861,NM_001754,NM_001001890.2|NM_001754.4|XM_005261067.1|XM_005261068.1|XM_005261069.1|XM_005261070.1,NM_001754.4:c.*27C>A,,9-Sep,,,,,,rs13051066,,-1,4G,,,,0.3706,0.2042,0.3674,0.3879,0.4612,0.4867,benign
INHIB1,vj0114,21,36164405,G,T,chr21:36164405-36164405,SNV,1,0,CC344.RUNX1.X9_A01,46.83,4079,8711,35,0,3_prime_UTR_variant,MODIFIER,RUNX1,861,NM_001754,NM_001001890.2|NM_001754.4|XM_005261067.1|XM_005261068.1|XM_005261069.1|XM_005261070.1,NM_001754.4:c.*27C>A,,9-Sep,,,,,,rs13051066,,-1,4G,,,,0.3706,0.2042,0.3674,0.3879,0.4612,0.4867,benign
INHIB2,vj0114,21,36164405,G,T,chr21:36164405-36164405,SNV,1,0,CC344.RUNX1.X9_A01,49.97,5920,11847,35,0,3_prime_UTR_variant,MODIFIER,RUNX1,861,NM_001754,NM_001001890.2|NM_001754.4|XM_005261067.1|XM_005261068.1|XM_005261069.1|XM_005261070.1,NM_001754.4:c.*27C>A,,9-Sep,,,,,,rs13051066,,-1,4G,,,,0.3706,0.2042,0.3674,0.3879,0.4612,0.4867,benign
INHIB3,vj0114,21,36164405,G,T,chr21:36164405-36164405,SNV,1,0,CC344.RUNX1.X9_A01,49.34,6486,13146,35,0,3_prime_UTR_variant,MODIFIER,RUNX1,861,NM_001754,NM_001001890.2|NM_001754.4|XM_005261067.1|XM_005261068.1|XM_005261069.1|XM_005261070.1,NM_001754.4:c.*27C>A,,9-Sep,,,,,,rs13051066,,-1,4G,,,,0.3706,0.2042,0.3674,0.3879,0.4612,0.4867,benign
INHIB4,vj0114,21,36164405,G,T,chr21:36164405-36164405,SNV,1,0,CC344.RUNX1.X9_A01,50.65,8309,16404,35,0,3_prime_UTR_variant,MODIFIER,RUNX1,861,NM_001754,NM_001001890.2|NM_001754.4|XM_005261067.1|XM_005261068.1|XM_005261069.1|XM_005261070.1,NM_001754.4:c.*27C>A,,9-Sep,,,,,,rs13051066,,-1,4G,,,,0.3706,0.2042,0.3674,0.3879,0.4612,0.4867,benign
INHIB5,vj0114,21,36164405,G,T,chr21:36164405-36164405,SNV,1,0,CC344.RUNX1.X9_A01,50.9,5593,10989,35,0,3_prime_UTR_variant,MODIFIER,RUNX1,861,NM_001754,NM_001001890.2|NM_001754.4|XM_005261067.1|XM_005261068.1|XM_005261069.1|XM_005261070.1,NM_001754.4:c.*27C>A,,9-Sep,,,,,,rs13051066,,-1,4G,,,,0.3706,0.2042,0.3674,0.3879,0.4612,0.4867,benign
INHIB6,vj0114,21,36164405,G,T,chr21:36164405-36164405,SNV,1,0,CC344.RUNX1.X9_A01,53.84,5807,10786,35,0,3_prime_UTR_variant,MODIFIER,RUNX1,861,NM_001754,NM_001001890.2|NM_001754.4|XM_005261067.1|XM_005261068.1|XM_005261069.1|XM_005261070.1,NM_001754.4:c.*27C>A,,9-Sep,,,,,,rs13051066,,-1,4G,,,,0.3706,0.2042,0.3674,0.3879,0.4612,0.4867,benign
INHIB7,vj0114,21,36164405,G,T,chr21:36164405-36164405,SNV,1,0,CC344.RUNX1.X9_A01,53.69,4651,8663,35,0,3_prime_UTR_variant,MODIFIER,RUNX1,861,NM_001754,NM_001001890.2|NM_001754.4|XM_005261067.1|XM_005261068.1|XM_005261069.1|XM_005261070.1,NM_001754.4:c.*27C>A,,9-Sep,,,,,,rs13051066,,-1,4G,,,,0.3706,0.2042,0.3674,0.3879,0.4612,0.4867,benign
IS7956,vj0110,21,36164405,G,T,chr21:36164405-36164405,SNV,1,0,CC344.RUNX1.X9_A01,49.35,8337,16892,34,0,3_prime_UTR_variant,MODIFIER,RUNX1,861,NM_001754,NM_001001890.2|NM_001754.4|XM_005261067.1|XM_005261068.1|XM_005261069.1|XM_005261070.1,NM_001754.4:c.*27C>A,,9-Sep,,,,,,rs13051066,,-1,4G,,,,0.3706,0.2042,0.3674,0.3879,0.4612,0.4867,benign
KRAS1,vj0148,21,36164405,G,T,chr21:36164405-36164405,SNV,1,0,CC344.RUNX1.X9_A01,50.14,7785,15526,36,0,3_prime_UTR_variant,MODIFIER,RUNX1,861,NM_001754,NM_001001890.2|NM_001754.4|XM_005261067.1|XM_005261068.1|XM_005261069.1|XM_005261070.1,NM_001754.4:c.*27C>A,,9-Sep,,,,,,rs13051066,,-1,4G,,,,0.3706,0.2042,0.3674,0.3879,0.4612,0.4867,benign
KRAS3,vj0148,21,36164405,G,T,chr21:36164405-36164405,SNV,1,0,CC344.RUNX1.X9_A01,48.77,5201,10665,36,0,3_prime_UTR_variant,MODIFIER,RUNX1,861,NM_001754,NM_001001890.2|NM_001754.4|XM_005261067.1|XM_005261068.1|XM_005261069.1|XM_005261070.1,NM_001754.4:c.*27C>A,,9-Sep,,,,,,rs13051066,,-1,4G,,,,0.3706,0.2042,0.3674,0.3879,0.4612,0.4867,benign
KRAS5,vj0148,21,36164405,G,T,chr21:36164405-36164405,SNV,1,0,CC344.RUNX1.X9_A01,99.66,13558,13604,36,0,3_prime_UTR_variant,MODIFIER,RUNX1,861,NM_001754,NM_001001890.2|NM_001754.4|XM_005261067.1|XM_005261068.1|XM_005261069.1|XM_005261070.1,NM_001754.4:c.*27C>A,,9-Sep,,,,,,rs13051066,,-1,4G,,,,0.3706,0.2042,0.3674,0.3879,0.4612,0.4867,benign
LA1851,vj0106,21,36164405,G,T,chr21:36164405-36164405,SNV,1,0,CC344.RUNX1.X9_A01,99.57,78803,79147,35,0,3_prime_UTR_variant,MODIFIER,RUNX1,861,NM_001754,NM_001001890.2|NM_001754.4|XM_005261067.1|XM_005261068.1|XM_005261069.1|XM_005261070.1,NM_001754.4:c.*27C>A,,9-Sep,,,,,,rs13051066,,-1,4G,,,,0.3706,0.2042,0.3674,0.3879,0.4612,0.4867,benign
Martin4440329,vj0058,21,36164405,G,T,chr21:36164405-36164405,SNV,1,0,CC344.RUNX1.X9_A01,99.81,6230,6242,37,0,3_prime_UTR_variant,MODIFIER,RUNX1,861,NM_001754,NM_001001890.2|NM_001754.4|XM_005261067.1|XM_005261068.1|XM_005261069.1|XM_005261070.1,NM_001754.4:c.*27C>A,,9-Sep,,,,,,rs13051066,,-1,4G,,,,0.3706,0.2042,0.3674,0.3879,0.4612,0.4867,benign
MC0005,vj0101,21,36164405,G,T,chr21:36164405-36164405,SNV,1,0,CC344.RUNX1.X9_A01,98.64,7344,7445,31,0,3_prime_UTR_variant,MODIFIER,RUNX1,861,NM_001754,NM_001001890.2|NM_001754.4|XM_005261067.1|XM_005261068.1|XM_005261069.1|XM_005261070.1,NM_001754.4:c.*27C>A,,9-Sep,,,,,,rs13051066,,-1,4G,,,,0.3706,0.2042,0.3674,0.3879,0.4612,0.4867,benign
MC3088,vj0147,21,36164405,G,T,chr21:36164405-36164405,SNV,1,0,CC344.RUNX1.X9_A01,99.53,13221,13284,36,0,3_prime_UTR_variant,MODIFIER,RUNX1,861,NM_001754,NM_001001890.2|NM_001754.4|XM_005261067.1|XM_005261068.1|XM_005261069.1|XM_005261070.1,NM_001754.4:c.*27C>A,,9-Sep,,,,,,rs13051066,,-1,4G,,,,0.3706,0.2042,0.3674,0.3879,0.4612,0.4867,benign
NA10537,vj0101,21,36164405,G,T,chr21:36164405-36164405,SNV,1,0,CC344.RUNX1.X9_A01,49.42,4705,9520,31,0,3_prime_UTR_variant,MODIFIER,RUNX1,861,NM_001754,NM_001001890.2|NM_001754.4|XM_005261067.1|XM_005261068.1|XM_005261069.1|XM_005261070.1,NM_001754.4:c.*27C>A,,9-Sep,,,,,,rs13051066,,-1,4G,,,,0.3706,0.2042,0.3674,0.3879,0.4612,0.4867,benign
NA10537,vj0101,21,36171622,CAG,C,chr21:36171623-36171624,Deletion,2,-2,CC348.RUNX1.X8,43.86,571,1302,33,0,frameshift_variant,HIGH,RUNX1,861,NM_001754,NM_001001890.2|NM_001754.4|XM_005261067.1|XM_005261068.1|XM_005261069.1|XM_005261070.1,NM_001754.4:c.941_942del,NP_001745.2:p.Ser314CysfsTer285,9-Aug,,941-942,314,S/X,tCT/t,COSM24779,0,-1,,,,,0,0,0,0,0,0,
NO6016,vj0103,21,36164405,G,T,chr21:36164405-36164405,SNV,1,0,CC344.RUNX1.X9_A01,50.83,13727,27005,34,0,3_prime_UTR_variant,MODIFIER,RUNX1,861,NM_001754,NM_001001890.2|NM_001754.4|XM_005261067.1|XM_005261068.1|XM_005261069.1|XM_005261070.1,NM_001754.4:c.*27C>A,,9-Sep,,,,,,rs13051066,,-1,4G,,,,0.3706,0.2042,0.3674,0.3879,0.4612,0.4867,benign
NRAS2,vj0145,21,36421116,T,C,chr21:36421116-36421116,SNV,1,0,CC359.RUNX1.X2,50.5,2179,4315,37,0,intron_variant,MODIFIER,RUNX1,861,NM_001754,NM_001754.4|XM_005261067.1|XM_005261069.1|XM_005261070.1,NM_001754.4:c.58+23A>G,,,8-Feb,,,,,rs117776183,,-1,,,,,0.0008,0,0,0,0.004,0,
NRAS2,vj0145,21,36164405,G,T,chr21:36164405-36164405,SNV,1,0,CC344.RUNX1.X9_A01,50.06,5763,11513,36,0,3_prime_UTR_variant,MODIFIER,RUNX1,861,NM_001754,NM_001001890.2|NM_001754.4|XM_005261067.1|XM_005261068.1|XM_005261069.1|XM_005261070.1,NM_001754.4:c.*27C>A,,9-Sep,,,,,,rs13051066,,-1,4G,,,,0.3706,0.2042,0.3674,0.3879,0.4612,0.4867,benign
NRAS3,vj0145,21,36164405,G,T,chr21:36164405-36164405,SNV,1,0,CC344.RUNX1.X9_A01,52.53,6586,12537,36,0,3_prime_UTR_variant,MODIFIER,RUNX1,861,NM_001754,NM_001001890.2|NM_001754.4|XM_005261067.1|XM_005261068.1|XM_005261069.1|XM_005261070.1,NM_001754.4:c.*27C>A,,9-Sep,,,,,,rs13051066,,-1,4G,,,,0.3706,0.2042,0.3674,0.3879,0.4612,0.4867,benign
PA0876,vj0099,21,36421116,T,C,chr21:36421116-36421116,SNV,1,0,CC359.RUNX1.X2,50.76,5883,11589,37,0,intron_variant,MODIFIER,RUNX1,861,NM_001754,NM_001754.4|XM_005261067.1|XM_005261069.1|XM_005261070.1,NM_001754.4:c.58+23A>G,,,8-Feb,,,,,rs117776183,,-1,,,,,0.0008,0,0,0,0.004,0,
PA0876,vj0099,21,36164405,G,T,chr21:36164405-36164405,SNV,1,0,CC344.RUNX1.X9_A01,99.54,24311,24423,37,0,3_prime_UTR_variant,MODIFIER,RUNX1,861,NM_001754,NM_001001890.2|NM_001754.4|XM_005261067.1|XM_005261068.1|XM_005261069.1|XM_005261070.1,NM_001754.4:c.*27C>A,,9-Sep,,,,,,rs13051066,,-1,4G,,,,0.3706,0.2042,0.3674,0.3879,0.4612,0.4867,benign
PA1767,vj0100,21,36164405,G,T,chr21:36164405-36164405,SNV,1,0,CC344.RUNX1.X9_A01,46.22,2025,4381,30,0,3_prime_UTR_variant,MODIFIER,RUNX1,861,NM_001754,NM_001001890.2|NM_001754.4|XM_005261067.1|XM_005261068.1|XM_005261069.1|XM_005261070.1,NM_001754.4:c.*27C>A,,9-Sep,,,,,,rs13051066,,-1,4G,,,,0.3706,0.2042,0.3674,0.3879,0.4612,0.4867,benign
PALAMARA0780876,vj0058,21,36164405,G,T,chr21:36164405-36164405,SNV,1,0,CC344.RUNX1.X9_A01,99.76,7742,7761,37,0,3_prime_UTR_variant,MODIFIER,RUNX1,861,NM_001754,NM_001001890.2|NM_001754.4|XM_005261067.1|XM_005261068.1|XM_005261069.1|XM_005261070.1,NM_001754.4:c.*27C>A,,9-Sep,,,,,,rs13051066,,-1,4G,,,,0.3706,0.2042,0.3674,0.3879,0.4612,0.4867,benign
PALAMARA0780876,vj0058,21,36421116,T,C,chr21:36421116-36421116,SNV,1,0,CC359.RUNX1.X2,50.96,3681,7223,37,0,intron_variant,MODIFIER,RUNX1,861,NM_001754,NM_001754.4|XM_005261067.1|XM_005261069.1|XM_005261070.1,NM_001754.4:c.58+23A>G,,,8-Feb,,,,,rs117776183,,-1,,,,,0.0008,0,0,0,0.004,0,
PE10671,vj0101,21,36164405,G,T,chr21:36164405-36164405,SNV,1,0,CC344.RUNX1.X9_A01,48.49,13236,27294,31,0,3_prime_UTR_variant,MODIFIER,RUNX1,861,NM_001754,NM_001001890.2|NM_001754.4|XM_005261067.1|XM_005261068.1|XM_005261069.1|XM_005261070.1,NM_001754.4:c.*27C>A,,9-Sep,,,,,,rs13051066,,-1,4G,,,,0.3706,0.2042,0.3674,0.3879,0.4612,0.4867,benign
SA2136,vj0099,21,36164405,G,T,chr21:36164405-36164405,SNV,1,0,CC344.RUNX1.X9_A01,51.2,6131,11975,37,0,3_prime_UTR_variant,MODIFIER,RUNX1,861,NM_001754,NM_001001890.2|NM_001754.4|XM_005261067.1|XM_005261068.1|XM_005261069.1|XM_005261070.1,NM_001754.4:c.*27C>A,,9-Sep,,,,,,rs13051066,,-1,4G,,,,0.3706,0.2042,0.3674,0.3879,0.4612,0.4867,benign
SANCHEZ9964395,vj0058,21,36164405,G,T,chr21:36164405-36164405,SNV,1,0,CC344.RUNX1.X9_A01,99.67,6033,6053,37,0,3_prime_UTR_variant,MODIFIER,RUNX1,861,NM_001754,NM_001001890.2|NM_001754.4|XM_005261067.1|XM_005261068.1|XM_005261069.1|XM_005261070.1,NM_001754.4:c.*27C>A,,9-Sep,,,,,,rs13051066,,-1,4G,,,,0.3706,0.2042,0.3674,0.3879,0.4612,0.4867,benign
SC0960,vj0147,21,36164405,G,T,chr21:36164405-36164405,SNV,1,0,CC344.RUNX1.X9_A01,49.61,4352,8773,36,0,3_prime_UTR_variant,MODIFIER,RUNX1,861,NM_001754,NM_001001890.2|NM_001754.4|XM_005261067.1|XM_005261068.1|XM_005261069.1|XM_005261070.1,NM_001754.4:c.*27C>A,,9-Sep,,,,,,rs13051066,,-1,4G,,,,0.3706,0.2042,0.3674,0.3879,0.4612,0.4867,benign
SERASEQ-MYELOID1TO100,vj0145,21,36164689,A,G,chr21:36164689-36164689,SNV,1,0,CC346.RUNX1.X9_A03,2.76,11,399,34,0,missense_variant,MODERATE,RUNX1,861,NM_001754,NM_001001890.2|NM_001754.4|XM_005261067.1|XM_005261068.1|XM_005261069.1|XM_005261070.1,NM_001754.4:c.1186T>C,NP_001745.2:p.Phe396Leu,9-Sep,,1186,396,F/L,Ttc/Ctc,,,-1,,,tolerated(0.07),benign(0.16),0,0,0,0,0,0,
SERASEQ-MYELOID1TO100,vj0145,21,36164664,T,C,chr21:36164664-36164664,SNV,1,0,CC346.RUNX1.X9_A03,2.76,11,398,37,0,missense_variant,MODERATE,RUNX1,861,NM_001754,NM_001001890.2|NM_001754.4|XM_005261067.1|XM_005261068.1|XM_005261069.1|XM_005261070.1,NM_001754.4:c.1211A>G,NP_001745.2:p.His404Arg,9-Sep,,1211,404,H/R,cAc/cGc,,,-1,,,tolerated(0.07),possibly_damaging(0.518),0,0,0,0,0,0,
SERASEQ-MYELOID1TO1000,vj0145,21,36164325,C,T,chr21:36164325-36164325,SNV,1,0,CC344.RUNX1.X9_A01,9.65,11,114,34,0,3_prime_UTR_variant,MODIFIER,RUNX1,861,NM_001754,NM_001001890.2|NM_001754.4|XM_005261067.1|XM_005261068.1|XM_005261069.1|XM_005261070.1,NM_001754.4:c.*107G>A,,9-Sep,,,,,,rs886057045,,-1,,,,,0,0,0,0,0,0,uncertain_significance
SERASEQMYELOID27JUN20,vj0147,21,36164405,G,T,chr21:36164405-36164405,SNV,1,0,CC344.RUNX1.X9_A01,38.6,5090,13185,36,0,3_prime_UTR_variant,MODIFIER,RUNX1,861,NM_001754,NM_001001890.2|NM_001754.4|XM_005261067.1|XM_005261068.1|XM_005261069.1|XM_005261070.1,NM_001754.4:c.*27C>A,,9-Sep,,,,,,rs13051066,,-1,4G,,,,0.3706,0.2042,0.3674,0.3879,0.4612,0.4867,benign
TA11485,vj0101,21,36164362,A,G,chr21:36164362-36164362,SNV,1,0,CC344.RUNX1.X9_A01,49.81,4764,9564,35,0,3_prime_UTR_variant,MODIFIER,RUNX1,861,NM_001754,NM_001001890.2|NM_001754.4|XM_005261067.1|XM_005261068.1|XM_005261069.1|XM_005261070.1,NM_001754.4:c.*70T>C,,9-Sep,,,,,,rs150481777,,-1,,,,,0.0457,0.1263,0.0331,0.0228,0.001,0.0153,benign
TA11485,vj0101,21,36164486,G,C,chr21:36164486-36164486,SNV,1,0,CC344.RUNX1.X9_A01&&CC345.RUNX1.X9_A02,50.83,6376,12544,35,0,synonymous_variant,LOW,RUNX1,861,NM_001754,NM_001001890.2|NM_001754.4|XM_005261067.1|XM_005261068.1|XM_005261069.1|XM_005261070.1,NM_001754.4:c.1389C>G,NP_001745.2:p.Pro463=,9-Sep,,1389,463,P,ccC/ccG,rs61750222,,-1,5G,,,,0.0583,0.1558,0.0461,0.0228,0.008,0.0235,benign
TE1160,vj0101,21,36164405,G,T,chr21:36164405-36164405,SNV,1,0,CC344.RUNX1.X9_A01,48.98,11102,22668,31,0,3_prime_UTR_variant,MODIFIER,RUNX1,861,NM_001754,NM_001001890.2|NM_001754.4|XM_005261067.1|XM_005261068.1|XM_005261069.1|XM_005261070.1,NM_001754.4:c.*27C>A,,9-Sep,,,,,,rs13051066,,-1,4G,,,,0.3706,0.2042,0.3674,0.3879,0.4612,0.4867,benign
TET2-10,vj0146,21,36164405,G,T,chr21:36164405-36164405,SNV,1,0,CC344.RUNX1.X9_A01,50.1,6144,12264,36,0,3_prime_UTR_variant,MODIFIER,RUNX1,861,NM_001754,NM_001001890.2|NM_001754.4|XM_005261067.1|XM_005261068.1|XM_005261069.1|XM_005261070.1,NM_001754.4:c.*27C>A,,9-Sep,,,,,,rs13051066,,-1,4G,,,,0.3706,0.2042,0.3674,0.3879,0.4612,0.4867,benign
TET2-3,vj0143,21,36164486,G,C,chr21:36164486-36164486,SNV,1,0,CC344.RUNX1.X9_A01&&CC345.RUNX1.X9_A02,52.1,9301,17851,36,0,synonymous_variant,LOW,RUNX1,861,NM_001754,NM_001001890.2|NM_001754.4|XM_005261067.1|XM_005261068.1|XM_005261069.1|XM_005261070.1,NM_001754.4:c.1389C>G,NP_001745.2:p.Pro463=,9-Sep,,1389,463,P,ccC/ccG,rs61750222,,-1,5G,,,,0.0583,0.1558,0.0461,0.0228,0.008,0.0235,benign
TET2-4,vj0143,21,36164362,A,G,chr21:36164362-36164362,SNV,1,0,CC344.RUNX1.X9_A01,51.93,11690,22510,37,0,3_prime_UTR_variant,MODIFIER,RUNX1,861,NM_001754,NM_001001890.2|NM_001754.4|XM_005261067.1|XM_005261068.1|XM_005261069.1|XM_005261070.1,NM_001754.4:c.*70T>C,,9-Sep,,,,,,rs150481777,,-1,,,,,0.0457,0.1263,0.0331,0.0228,0.001,0.0153,benign
TET2-4,vj0143,21,36164405,G,T,chr21:36164405-36164405,SNV,1,0,CC344.RUNX1.X9_A01,47.63,10709,22483,36,0,3_prime_UTR_variant,MODIFIER,RUNX1,861,NM_001754,NM_001001890.2|NM_001754.4|XM_005261067.1|XM_005261068.1|XM_005261069.1|XM_005261070.1,NM_001754.4:c.*27C>A,,9-Sep,,,,,,rs13051066,,-1,4G,,,,0.3706,0.2042,0.3674,0.3879,0.4612,0.4867,benign
TET2-4,vj0143,21,36164486,G,C,chr21:36164486-36164486,SNV,1,0,CC344.RUNX1.X9_A01&&CC345.RUNX1.X9_A02,52.26,13283,25417,36,0,synonymous_variant,LOW,RUNX1,861,NM_001754,NM_001001890.2|NM_001754.4|XM_005261067.1|XM_005261068.1|XM_005261069.1|XM_005261070.1,NM_001754.4:c.1389C>G,NP_001745.2:p.Pro463=,9-Sep,,1389,463,P,ccC/ccG,rs61750222,,-1,5G,,,,0.0583,0.1558,0.0461,0.0228,0.008,0.0235,benign
TET2-4,vj0143,21,36164340,G,A,chr21:36164340-36164340,SNV,1,0,CC344.RUNX1.X9_A01,50.37,11345,22522,36,0,3_prime_UTR_variant,MODIFIER,RUNX1,861,NM_001754,NM_001001890.2|NM_001754.4|XM_005261067.1|XM_005261068.1|XM_005261069.1|XM_005261070.1,NM_001754.4:c.*92C>T,,9-Sep,,,,,,,,-1,,,,,0,0,0,0,0,0,
TET2-6,vj0143,21,36164405,G,T,chr21:36164405-36164405,SNV,1,0,CC344.RUNX1.X9_A01,50,7731,15463,36,0,3_prime_UTR_variant,MODIFIER,RUNX1,861,NM_001754,NM_001001890.2|NM_001754.4|XM_005261067.1|XM_005261068.1|XM_005261069.1|XM_005261070.1,NM_001754.4:c.*27C>A,,9-Sep,,,,,,rs13051066,,-1,4G,,,,0.3706,0.2042,0.3674,0.3879,0.4612,0.4867,benign
TET2-7,vj0143,21,36164405,G,T,chr21:36164405-36164405,SNV,1,0,CC344.RUNX1.X9_A01,99.71,11950,11985,36,0,3_prime_UTR_variant,MODIFIER,RUNX1,861,NM_001754,NM_001001890.2|NM_001754.4|XM_005261067.1|XM_005261068.1|XM_005261069.1|XM_005261070.1,NM_001754.4:c.*27C>A,,9-Sep,,,,,,rs13051066,,-1,4G,,,,0.3706,0.2042,0.3674,0.3879,0.4612,0.4867,benign
TET2-9,vj0146,21,36164362,A,G,chr21:36164362-36164362,SNV,1,0,CC344.RUNX1.X9_A01,49.65,9475,19082,37,0.01,3_prime_UTR_variant,MODIFIER,RUNX1,861,NM_001754,NM_001001890.2|NM_001754.4|XM_005261067.1|XM_005261068.1|XM_005261069.1|XM_005261070.1,NM_001754.4:c.*70T>C,,9-Sep,,,,,,rs150481777,,-1,,,,,0.0457,0.1263,0.0331,0.0228,0.001,0.0153,benign
TET2-9,vj0146,21,36164623,T,C,chr21:36164623-36164623,SNV,1,0,CC345.RUNX1.X9_A02,47.31,1686,3564,36,0,missense_variant,MODERATE,RUNX1,861,NM_001754,NM_001001890.2|NM_001754.4|XM_005261067.1|XM_005261068.1|XM_005261069.1|XM_005261070.1,NM_001754.4:c.1252A>G,NP_001745.2:p.Met418Val,9-Sep,,1252,418,M/V,Atg/Gtg,rs578042376,,-1,,,tolerated(0.05),benign(0.05),0.0002,0.0008,0,0,0,0,uncertain_significance
TET2-9,vj0146,21,36164405,G,T,chr21:36164405-36164405,SNV,1,0,CC344.RUNX1.X9_A01,50.02,9531,19056,36,0,3_prime_UTR_variant,MODIFIER,RUNX1,861,NM_001754,NM_001001890.2|NM_001754.4|XM_005261067.1|XM_005261068.1|XM_005261069.1|XM_005261070.1,NM_001754.4:c.*27C>A,,9-Sep,,,,,,rs13051066,,-1,4G,,,,0.3706,0.2042,0.3674,0.3879,0.4612,0.4867,benign
TET2-9,vj0146,21,36164486,G,C,chr21:36164486-36164486,SNV,1,0,CC344.RUNX1.X9_A01&&CC345.RUNX1.X9_A02,49.98,11319,22649,37,0,synonymous_variant,LOW,RUNX1,861,NM_001754,NM_001001890.2|NM_001754.4|XM_005261067.1|XM_005261068.1|XM_005261069.1|XM_005261070.1,NM_001754.4:c.1389C>G,NP_001745.2:p.Pro463=,9-Sep,,1389,463,P,ccC/ccG,rs61750222,,-1,5G,,,,0.0583,0.1558,0.0461,0.0228,0.008,0.0235,benign
TH0413,vj0100,21,36164405,G,T,chr21:36164405-36164405,SNV,1,0,CC344.RUNX1.X9_A01,45.97,1719,3739,30,0,3_prime_UTR_variant,MODIFIER,RUNX1,861,NM_001754,NM_001001890.2|NM_001754.4|XM_005261067.1|XM_005261068.1|XM_005261069.1|XM_005261070.1,NM_001754.4:c.*27C>A,,9-Sep,,,,,,rs13051066,,-1,4G,,,,0.3706,0.2042,0.3674,0.3879,0.4612,0.4867,benign
WA0899,vj0103,21,36164405,G,T,chr21:36164405-36164405,SNV,1,0,CC344.RUNX1.X9_A01,49.59,8526,17194,34,-0.01,3_prime_UTR_variant,MODIFIER,RUNX1,861,NM_001754,NM_001001890.2|NM_001754.4|XM_005261067.1|XM_005261068.1|XM_005261069.1|XM_005261070.1,NM_001754.4:c.*27C>A,,9-Sep,,,,,,rs13051066,,-1,4G,,,,0.3706,0.2042,0.3674,0.3879,0.4612,0.4867,benign
WE944,vj0100,21,36164425,T,A,chr21:36164425-36164425,SNV,1,0,CC344.RUNX1.X9_A01,3.38,29,858,32,1,3_prime_UTR_variant,MODIFIER,RUNX1,861,NM_001754,NM_001001890.2|NM_001754.4|XM_005261067.1|XM_005261068.1|XM_005261069.1|XM_005261070.1,NM_001754.4:c.*7A>T,,9-Sep,,,,,,,,-1,,,,,0,0,0,0,0,0,
WE944,vj0100,21,36164405,G,T,chr21:36164405-36164405,SNV,1,0,CC344.RUNX1.X9_A01,51.24,474,925,30,0,3_prime_UTR_variant,MODIFIER,RUNX1,861,NM_001754,NM_001001890.2|NM_001754.4|XM_005261067.1|XM_005261068.1|XM_005261069.1|XM_005261070.1,NM_001754.4:c.*27C>A,,9-Sep,,,,,,rs13051066,,-1,4G,,,,0.3706,0.2042,0.3674,0.3879,0.4612,0.4867,benign
YORK9806489,vj0058,21,36164405,G,T,chr21:36164405-36164405,SNV,1,0,CC344.RUNX1.X9_A01,50.43,5073,10059,37,0,3_prime_UTR_variant,MODIFIER,RUNX1,861,NM_001754,NM_001001890.2|NM_001754.4|XM_005261067.1|XM_005261068.1|XM_005261069.1|XM_005261070.1,NM_001754.4:c.*27C>A,,9-Sep,,,,,,rs13051066,,-1,4G,,,,0.3706,0.2042,0.3674,0.3879,0.4612,0.4867,benign
